{
  "project_info": {
    "project_number": "239003080971",
    "firebase_url": "https://chapabiz-9b454.firebaseio.com",
    "project_id": "chapabiz-9b454",
    "storage_bucket": "chapabiz-9b454.appspot.com"
  },
  "client": [
    {
      "client_info": {
        "mobilesdk_app_id": "1:239003080971:android:510aad9c16db0d2d",
        "android_client_info": {
          "package_name": "ke.co.prioritymobile.chapabiz"
        }
      },
      "oauth_client": [
        {
          "client_id": "239003080971-e75plie4msivbrhgp3tt75iaojaac3qd.apps.googleusercontent.com",
          "client_type": 1,
          "android_info": {
            "package_name": "ke.co.prioritymobile.chapabiz",
            "certificate_hash": "1f46653d136b248252380f061c94ff58bf691276"
          }
        },
        {
          "client_id": "239003080971-e75plie4msivbrhgp3tt75iaojaac3qd.apps.googleusercontent.com",
          "client_type": 3
        }
      ],
      "api_key": [
        {
          "current_key": "AIzaSyAr-XTUiKdlF81cryIz_wRDLwk1HKp5gBE"
        }
      ],
      "services": {
        "analytics_service": {
          "status": 1
        },
        "appinvite_service": {
          "status": 2,
          "other_platform_oauth_client": [
            {
              "client_id": "239003080971-eqe4k0fdaj8k26qqib2n1ro0a3c55qtc.apps.googleusercontent.com",
              "client_type": 3
            }
          ]
        },
        "ads_service": {
          "status": 2
        }
      }
    }
  ],
  "configuration_version": "1"
}